{
  "tsMs": 5639057,
  "players": [
    {
      "playerId": 1,
      "name": "eiry",
      "identityId": "af2bd4bf-74d1-423a-8d84-868068452610",
      "entityId": "0x4000000000000228 {}",
      "pos": [
        7460.8251953125,
        164.72808837890625,
        4312.8505859375
      ],
      "ypr": [
        58.885093688964844,
        0,
        0
      ],
      "aimDir": [
        0.8164142370223999,
        -0.30105355381965637,
        0.49278223514556885
      ],
      "inVehicle": 0
    }
  ]
}